{"cameraMode":{"drawMode":0,"name":"Shaded","section":"Shading Mode"},"sceneLighting":false,"audioPlay":false,"sceneViewState":{"showFog":true,"showMaterialUpdate":false,"showSkybox":false,"showFlares":true,"showImageEffects":true,"showParticleSystems":true,"showVisualEffectGraphs":true,"m_FxEnabled":true},"in2DMode":false,"pivot":{"x":413.1633605957031,"y":232.74078369140626,"z":6.3748779296875},"rotation":{"x":0.02130582556128502,"y":0.013491634279489518,"z":-0.00025952424039132893,"w":0.9997016787528992},"size":221.9927215576172,"orthographic":false}