{"cameraMode":{"drawMode":0,"name":"Shaded","section":"Shading Mode"},"sceneLighting":false,"audioPlay":false,"sceneViewState":{"showFog":true,"showMaterialUpdate":false,"showSkybox":false,"showFlares":true,"showImageEffects":true,"showParticleSystems":true,"showVisualEffectGraphs":true,"m_FxEnabled":true},"in2DMode":false,"pivot":{"x":377.4073181152344,"y":254.63905334472657,"z":6.957000732421875},"rotation":{"x":-0.03117634914815426,"y":-0.026990801095962526,"z":-0.000813916849438101,"w":0.9991690516471863},"size":227.9649658203125,"orthographic":false}