{"cameraMode":{"drawMode":0,"name":"Shaded","section":"Shading Mode"},"sceneLighting":false,"audioPlay":false,"sceneViewState":{"showFog":true,"showMaterialUpdate":false,"showSkybox":false,"showFlares":true,"showImageEffects":true,"showParticleSystems":true,"showVisualEffectGraphs":true,"m_FxEnabled":true},"in2DMode":false,"pivot":{"x":4.676387786865234,"y":6.361275672912598,"z":1.5275945663452149},"rotation":{"x":0.21894073486328126,"y":-0.026331327855587007,"z":0.005986171308904886,"w":0.9753788113594055},"size":6.103277683258057,"orthographic":false}