{"cameraMode":{"drawMode":0,"name":"Shaded","section":"Shading Mode"},"sceneLighting":false,"audioPlay":false,"sceneViewState":{"showFog":true,"showMaterialUpdate":false,"showSkybox":false,"showFlares":true,"showImageEffects":true,"showParticleSystems":true,"showVisualEffectGraphs":true,"m_FxEnabled":true},"in2DMode":false,"pivot":{"x":9.630186080932618,"y":12.22447395324707,"z":1.2358732223510743},"rotation":{"x":-0.010187799111008644,"y":-0.030000606551766397,"z":-0.00027608094387687743,"w":0.9995208978652954},"size":9.577421188354493,"orthographic":false}