{"cameraMode":{"drawMode":0,"name":"Shaded","section":"Shading Mode"},"sceneLighting":false,"audioPlay":false,"sceneViewState":{"showFog":true,"showMaterialUpdate":false,"showSkybox":false,"showFlares":true,"showImageEffects":true,"showParticleSystems":true,"showVisualEffectGraphs":true,"m_FxEnabled":true},"in2DMode":false,"pivot":{"x":4.196890354156494,"y":-0.33190393447875979,"z":1.0727043151855469},"rotation":{"x":0.007325063459575176,"y":0.9851639866828919,"z":-0.1658756136894226,"w":0.04317193105816841},"size":9.732908248901368,"orthographic":false}