{"cameraMode":{"drawMode":0,"name":"Shaded","section":"Shading Mode"},"sceneLighting":false,"audioPlay":false,"sceneViewState":{"showFog":true,"showMaterialUpdate":false,"showSkybox":false,"showFlares":true,"showImageEffects":true,"showParticleSystems":true,"showVisualEffectGraphs":true,"m_FxEnabled":true},"in2DMode":false,"pivot":{"x":0.03876123204827309,"y":-16.612407684326173,"z":-33.222904205322269},"rotation":{"x":0.008682307787239552,"y":-0.964348316192627,"z":0.26254895329475405,"w":0.03212994337081909},"size":23.63338279724121,"orthographic":false}