{"cameraMode":{"drawMode":0,"name":"Shaded","section":"Shading Mode"},"sceneLighting":false,"audioPlay":false,"sceneViewState":{"showFog":true,"showMaterialUpdate":false,"showSkybox":false,"showFlares":true,"showImageEffects":true,"showParticleSystems":true,"showVisualEffectGraphs":true,"m_FxEnabled":true},"in2DMode":false,"pivot":{"x":-10.761988639831543,"y":4.32596492767334,"z":18.923553466796876},"rotation":{"x":0.036881398409605029,"y":-0.21710555255413056,"z":0.008291845209896565,"w":0.9754359126091003},"size":15.505783081054688,"orthographic":false}