{"cameraMode":{"drawMode":0,"name":"Shaded","section":"Shading Mode"},"sceneLighting":false,"audioPlay":false,"sceneViewState":{"showFog":true,"showMaterialUpdate":false,"showSkybox":false,"showFlares":true,"showImageEffects":true,"showParticleSystems":true,"showVisualEffectGraphs":true,"m_FxEnabled":true},"in2DMode":false,"pivot":{"x":-9.762104988098145,"y":3.938156843185425,"z":-17.487329483032228},"rotation":{"x":-0.0066047245636582378,"y":-0.9917188882827759,"z":0.11536344140768051,"w":-0.056294556707143787},"size":15.084301948547364,"orthographic":false}