{"cameraMode":{"drawMode":0,"name":"Shaded","section":"Shading Mode"},"sceneLighting":false,"audioPlay":false,"sceneViewState":{"showFog":true,"showMaterialUpdate":false,"showSkybox":false,"showFlares":true,"showImageEffects":true,"showParticleSystems":true,"showVisualEffectGraphs":true,"m_FxEnabled":true},"in2DMode":false,"pivot":{"x":4.430323600769043,"y":6.313660621643066,"z":4.7764153480529789},"rotation":{"x":-0.004517216235399246,"y":-0.9955546259880066,"z":0.06910694390535355,"w":-0.06400685757398606},"size":3.8885409832000734,"orthographic":false}