{"cameraMode":{"drawMode":0,"name":"Shaded","section":"Shading Mode"},"sceneLighting":false,"audioPlay":false,"sceneViewState":{"showFog":true,"showMaterialUpdate":false,"showSkybox":false,"showFlares":true,"showImageEffects":true,"showParticleSystems":true,"showVisualEffectGraphs":true,"m_FxEnabled":true},"in2DMode":false,"pivot":{"x":4.268535614013672,"y":1.535773754119873,"z":-0.04572796821594238},"rotation":{"x":0.007325063459575176,"y":0.9851639866828919,"z":-0.1658756136894226,"w":0.04317193105816841},"size":13.420574188232422,"orthographic":false}