{"cameraMode":{"drawMode":0,"name":"Shaded","section":"Shading Mode"},"sceneLighting":false,"audioPlay":false,"sceneViewState":{"showFog":true,"showMaterialUpdate":false,"showSkybox":false,"showFlares":true,"showImageEffects":true,"showParticleSystems":true,"showVisualEffectGraphs":true,"m_FxEnabled":true},"in2DMode":false,"pivot":{"x":582.4519653320313,"y":313.3265380859375,"z":-23.345550537109376},"rotation":{"x":0.019511938095092775,"y":0.1730884164571762,"z":-0.0034120420459657909,"w":0.9847313165664673},"size":300.0740966796875,"orthographic":false}